ID,EventName,EventDate,StartDate,EndDate,Location,HybridNotes,EventLink,Year
0,MLH INIT 2022,Jun 27th - Jul 5th,2021-06-27,2021-06-27,2021-07-05,"Everywhere, Worldwide",Digital Only,https://hackp.ac/INIT,2022
1,Hacktoon,Jul 9th - 11th,2021-07-09,2021-07-09,2021-07-11,"Everywhere, Worldwide",Digital Only,https://organize.mlh.io/participants/events/7140-hacktoon,2022
2,Bon Voyage Hacks,Jul 16th - 18th,2021-07-16,2021-07-16,2021-07-18,"Everywhere, Worldwide",Digital Only,https://organize.mlh.io/participants/events/7141-bon-voyage-hacks,2022
3,Hacky Birthday MLH!,Jul 23rd - 25th,2021-07-23,2021-07-23,2021-07-25,"Everywhere, Worldwide",Digital Only,https://organize.mlh.io/participants/events/7142-hacky-birthday-mlh,2022
4,SelfieHacks,Jul 30th - Aug 1st,2021-07-30,2021-07-30,2021-08-01,"Everywhere, Worldwide",Digital Only,https://organize.mlh.io/participants/events/7143-selfiehacks,2022
5,RoboHacks,Aug 6th - 8th,2021-08-06,2021-08-06,2021-08-08,"Everywhere, Worldwide",Digital Only,https://organize.mlh.io/participants/events/7144-robohacks,2022
6,Hack the 6ix,Aug 20th - 22nd,2021-08-20,2021-08-20,2021-08-22,"Everywhere, Worldwide",Digital Only,https://hackthe6ix.com,2022
7,Slam Dunk Hacks,Aug 20th - 22nd,2021-08-20,2021-08-20,2021-08-22,"Everywhere, Worldwide",Digital Only,https://organize.mlh.io/participants/events/7157-slam-dunk-hacks,2022
8,SharkHacks3,Aug 27th - 29th,2021-08-27,2021-08-27,2021-08-29,"Everywhere, Worldwide",Digital Only,https://organize.mlh.io/participants/events/7158-sharkhacks3,2022
9,TechNova's Hack with Us,Aug 27th - 29th,2021-08-27,2021-08-27,2021-08-29,"Everywhere, Worldwide",Digital Only,https://www.itstechnova.org/,2022
10,Teacher's Hack,Sep 3rd - 5th,2021-09-03,2021-09-03,2021-09-05,"Everywhere, Worldwide",Digital Only,https://organize.mlh.io/participants/events/7161-teacher-s-hack,2022
11,OHacksIO,Sep 4th - 6th,2021-09-04,2021-09-04,2021-09-06,"Everywhere, Worldwide",Digital Only,https://ohacksio.org/,2022
12,MedHacks,Sep 10th - 12th,2021-09-10,2021-09-10,2021-09-12,"Everywhere, Worldwide",Digital Only,https://www.medhacks.io/#/,2022
13,PennApps,Sep 10th - 12th,2021-09-10,2021-09-10,2021-09-12,"Everywhere, Worldwide",Digital Only,http://pennapps.com/,2022
14,PreHackstoric,Sep 10th - 12th,2021-09-10,2021-09-10,2021-09-12,"Everywhere, Worldwide",Digital Only,https://organize.mlh.io/participants/events/7162-prehackstoric,2022
15,TechTogether Boston,Sep 10th - 12th,2021-09-10,2021-09-10,2021-09-12,"Everywhere, Worldwide",Digital Only,https://boston.techtogether.io,2022
16,HackRice 11,Sep 17th - 19th,2021-09-17,2021-09-17,2021-09-19,"Everywhere, Worldwide",Digital Only,https://hack.rice.edu,2022
17,Hack the North,Sep 17th - 19th,2021-09-17,2021-09-17,2021-09-19,"Everywhere, Worldwide",Digital Only,https://hackthenorth.com/,2022
18,HopHacks,Sep 17th - 19th,2021-09-17,2021-09-17,2021-09-19,"Everywhere, Worldwide",Digital Only,https://hophacks.com/,2022
19,Peace Out Hacks,Sep 17th - 19th,2021-09-17,2021-09-17,2021-09-19,"Everywhere, Worldwide",Digital Only,https://organize.mlh.io/participants/events/7163-peace-out-hacks,2022
20,Backyard Hacks 2.0,Sep 24th - 26th,2021-09-24,2021-09-24,2021-09-26,"Everywhere, Worldwide",Digital Only,https://organize.mlh.io/participants/events/7164-backyardhacks-2-0,2022
21,BigRed//Hacks,Sep 24th - 26th,2021-09-24,2021-09-24,2021-09-26,"Ithaca, NY",Digital Only,https://bigredhacks.com/,2022
22,SBUHacks,Sep 24th - 25th,2021-09-24,2021-09-24,2021-09-25,"Everywhere, Worldwide",Digital Only,https://sbuhacks.org/,2022
23,ShellHacks,Sep 24th - 26th,2021-09-24,2021-09-24,2021-09-26,"Everywhere, Worldwide",Digital Only,https://shellhacks.net/,2022
24,BorderHacks,Sep 25th - 26th,2021-09-25,2021-09-25,2021-09-26,"Everywhere, Worldwide",Digital Only,https://www.borderhacks.com/,2022
25,sunhacks,Oct 1st - 3rd,2021-10-01,2021-10-01,2021-10-03,"Everywhere, Worldwide","Hybrid, Digital Focus",https://sunhacks.io/,2022
26,WildHacks,Oct 1st - 3rd,2021-10-01,2021-10-01,2021-10-03,"Everywhere, Worldwide",Digital Only,https://organize.mlh.io/participants/events/7419-wildhacks,2022
27,The Golden Hack,Oct 2nd - 3rd,2021-10-02,2021-10-02,2021-10-03,"Everywhere, Worldwide","Hybrid, Digital Focus",https://www.thegoldenhack.ca/,2022
28,Data Day Grind 2.0,Oct 8th - 10th,2021-10-08,2021-10-08,2021-10-10,"Everywhere, Worldwide",Digital Only,https://organize.mlh.io/participants/events/7475-data-day-grind-2-0,2022
29,DivHacks,Oct 8th - 10th,2021-10-08,2021-10-08,2021-10-10,"Everywhere, Online","Hybrid, Digital Focus",https://columbiadivhacks.com/,2022
30,HackHarvard,Oct 8th - 10th,2021-10-08,2021-10-08,2021-10-10,"Everywhere, Worldwide","Hybrid, Digital Focus",http://hackharvard.io/,2022
31,MakeUC,Oct 9th - 11th,2021-10-09,2021-10-09,2021-10-11,"Everywhere, Worldwide","Hybrid, Digital Focus",https://makeuc.io/,2022
32,Local Hack Day: Learn,Oct 10th - 18th,2021-10-10,2021-10-10,2021-10-18,"Everywhere, Worldwide",Digital Only,https://organize.mlh.io/participants/events/7190-local-hack-day-learn-2022,2022
33,Ada Hack,Oct 15th - 17th,2021-10-15,2021-10-15,2021-10-17,"Everywhere, Worldwide",Digital Only,https://adahack.tech/,2022
34,Hack the Valley,Oct 15th - 17th,2021-10-15,2021-10-15,2021-10-17,"Everywhere, Worldwide",Digital Only,https://hackthevalley.io,2022
35,MHacks 14,Oct 15th - 17th,2021-10-15,2021-10-15,2021-10-17,"Everywhere, Worldwide",Digital Only,http://mhacks.org/,2022
36,HackRU,Oct 16th - 17th,2021-10-16,2021-10-16,2021-10-17,"Everywhere, Worldwide",Digital Only,https://hackru.org/,2022
37,Cal Hacks,Oct 22nd - 24th,2021-10-22,2021-10-22,2021-10-24,"Everywhere, Worldwide","Hybrid, Digital Focus",https://calhacks.io/,2022
38,DandyHacks,Oct 22nd - 24th,2021-10-22,2021-10-22,2021-10-24,"Everywhere, Worldwide","Hybrid, In-Person Focus",https://dandyhacks.net/,2022
39,Hack Around the World,Oct 22nd - 24th,2021-10-22,2021-10-22,2021-10-24,"Everywhere, Worldwide",Digital Only,https://organize.mlh.io/participants/events/7476-hack-around-the-world,2022
40,Hack This Fall 2.0,Oct 22nd - 24th,2021-10-22,2021-10-22,2021-10-24,"Everywhere, Worldwide",Digital Only,https://hackthisfall.tech/,2022
41,Pitt Challenge,Oct 22nd - 24th,2021-10-22,2021-10-22,2021-10-24,"Everywhere, Worldwide",Digital Only,https://pittchallenge.com/,2022
42,PlutoHacks,Oct 22nd - 24th,2021-10-22,2021-10-22,2021-10-24,"Everywhere, Worldwide",Digital Only,https://plutohacks.com/,2022
43,DubHacks,Oct 23rd - 24th,2021-10-23,2021-10-23,2021-10-24,"Everywhere, Worldwide",Digital Only,https://dh21.dubhacks.co/,2022
44,HackDuke,Oct 23rd - 24th,2021-10-23,2021-10-23,2021-10-24,"Durham, North Carolina","Hybrid, In-Person Focus",https://2021.hackduke.org/,2022
45,hackCBS 4.0,Oct 29th - 31st,2021-10-29,2021-10-29,2021-10-31,"Everywhere, Worldwide",Digital Only,https://hackcbs.tech/,2022
46,HackNITR 3.0,Oct 29th - 31st,2021-10-29,2021-10-29,2021-10-31,"Everywhere, Worldwide",Digital Only,https://hacknitr.tech/#home,2022
47,Hack-O-Lantern,Oct 29th - 31st,2021-10-29,2021-10-29,2021-10-31,"Everywhere, Worldwide",Digital Only,https://organize.mlh.io/participants/events/7477-hack-o-lantern,2022
48,HackUMBC,Oct 29th - 31st,2021-10-29,2021-10-29,2021-10-31,"Everywhere, Worldwide","Hybrid, Digital Focus",https://www.hackumbc.org/,2022
49,VolHacks,Oct 29th - 31st,2021-10-29,2021-10-29,2021-10-31,"Knoxville, Tennessee","Hybrid, In-Person Focus",https://volhacks.org/,2022
50,HackTX,Oct 30th - 31st,2021-10-30,2021-10-30,2021-10-31,"Everywhere, Worldwide","Hybrid, Digital Focus",https://hacktx.com/,2022
51,Agent:Hacker,Nov 5th - 7th,2021-11-05,2021-11-05,2021-11-07,"Everywhere, Worldwide",Digital Only,https://organize.mlh.io/participants/events/7562-agent-hacker,2022
52,Hack K-State,Nov 5th - 7th,2021-11-05,2021-11-05,2021-11-07,"Manhattan, Kansas","Hybrid, In-Person Focus",https://hackkstate.tech/,2022
53,HackPrinceton,Nov 5th - 7th,2021-11-05,2021-11-05,2021-11-07,"Everywhere, Worldwide","Hybrid, Digital Focus",https://www.hackprinceton.com/,2022
54,HackUMass,Nov 5th - 7th,2021-11-05,2021-11-05,2021-11-07,"Everywhere, Worldwide","Hybrid, Digital Focus",https://hackumass.com/,2022
55,Tigerhacks,Nov 5th - 7th,2021-11-05,2021-11-05,2021-11-07,"Columbia, Missouri","Hybrid, Digital Focus",https://tigerhacks.com/,2022
56,Girls Hoo Hack,Nov 6th - 7th,2021-11-06,2021-11-06,2021-11-07,"Charlottesville, Virginia","Hybrid, Digital Focus",https://www.gwcuva.com/hack,2022
57,hackher,Nov 6th - 7th,2021-11-06,2021-11-06,2021-11-07,"Everywhere, Worldwide",Digital Only,https://qwic.org/hackHer,2022
58,hackPHS,Nov 6th - 7th,2021-11-06,2021-11-06,2021-11-07,"Everywhere, Worldwide","Hybrid, Digital Focus",https://www.hackphs.tech/,2022
59,HackRPI,Nov 6th - 7th,2021-11-06,2021-11-06,2021-11-07,"Everywhere, Worldwide",Digital Only,https://hackrpi.com/,2022
60,NewHacks,Nov 6th - 7th,2021-11-06,2021-11-06,2021-11-07,"Everywhere, Worldwide",Digital Only,https://newhacks.ca/,2022
61,UB Hacking,Nov 6th - 7th,2021-11-06,2021-11-06,2021-11-07,"Buffalo, New York","Hybrid, In-Person Focus",https://www.ubhacking.com/,2022
62,HackFit,Nov 12th - 14th,2021-11-12,2021-11-12,2021-11-14,"Everywhere, Worldwide",Digital Only,https://organize.mlh.io/participants/events/7563-hackfit,2022
63,Knight Hacks,Nov 12th - 14th,2021-11-12,2021-11-12,2021-11-14,"Everywhere, Worldwide","Hybrid, Digital Focus",https://2021.knighthacks.org/,2022
64,HackDown,Nov 13th - 14th,2021-11-13,2021-11-13,2021-11-14,"Ewing, New Jersey","Hybrid, In-Person Focus",https://hackdown.net/,2022
65,HackNJIT,Nov 13th - 14th,2021-11-13,2021-11-13,2021-11-14,"Everywhere, Worldwide","Hybrid, Digital Focus",https://hacknjit.org/,2022
66,Technica,Nov 13th - 14th,2021-11-13,2021-11-13,2021-11-14,"Everywhere, Worldwide","Hybrid, Digital Focus",https://gotechnica.org/,2022
67,Back to Hacking,Nov 19th - 21st,2021-11-19,2021-11-19,2021-11-21,"Everywhere, Worldwide",Digital Only,https://organize.mlh.io/participants/events/7564-back-to-hacking,2022
68,Garuda Hacks 2.0,Nov 19th - 21st,2021-11-19,2021-11-19,2021-11-21,"Everywhere, Worldwide",Digital Only,https://garudahacks.com/,2022
69,Hack Western 8,Nov 19th - 21st,2021-11-19,2021-11-19,2021-11-21,"Everywhere, Worldwide","Hybrid, Digital Focus",https://www.hackwestern.com/,2022
70,jacobsHack!,Nov 20th - 21st,2021-11-20,2021-11-20,2021-11-21,"Bremen, Germany","Hybrid, In-Person Focus",https://jacobshack.com/,2022
71,MetroHacks,Nov 21st - 22nd,2021-11-21,2021-11-21,2021-11-22,"Everywhere, Worldwide",Digital Only,https://metrohacks.dev,2022
72,Give Back Hacks 2.0,Nov 26th - 28th,2021-11-26,2021-11-26,2021-11-28,"Everywhere, Worldwide",Digital Only,https://organize.mlh.io/participants/events/7565-give-back-hacks-2-0,2022
73,NextStep,Nov 26th - 28th,2021-11-26,2021-11-26,2021-11-28,"Everywhere, Worldwide",Digital Only,https://www.hackalphax.co/,2022
74,Hackcoming,Dec 3rd - 5th,2021-12-03,2021-12-03,2021-12-05,"Everywhere, Worldwide",Digital Only,https://organize.mlh.io/participants/events/7607-hackcoming,2022
75,UniHack,Dec 3rd - 5th,2021-12-03,2021-12-03,2021-12-05,"Everywhere, Worldwide",Digital Only,https://unihack.eu/,2022
76,BEN Health Innovation Hackathon,Dec 4th - 5th,2021-12-04,2021-12-04,2021-12-05,"Everywhere, Worldwide",Digital Only,https://www.benhacks.org/,2022
77,Kent Hack Enough,Dec 4th - 5th,2021-12-04,2021-12-04,2021-12-05,"Everywhere, Worldwide",Digital Only,https://khe.io/,2022
78,Bon Hackétit 2.0,Dec 10th - 12th,2021-12-10,2021-12-10,2021-12-12,"Everywhere, Worldwide",Digital Only,https://organize.mlh.io/participants/events/7608-bon-hacketit-2-0,2022
79,MapHacks,Dec 17th - 19th,2021-12-17,2021-12-17,2021-12-19,"Everywhere, Worldwide",Digital Only,https://organize.mlh.io/participants/events/7609-maphacks,2022
80,Hacky Winterland,Dec 24th - 26th,2021-12-24,2021-12-24,2021-12-26,"Everywhere, Worldwide",Digital Only,https://organize.mlh.io/participants/events/7610-hacky-winterland,2022
81,"See You Later, Hackulator",Dec 31st - Jan 2nd,2021-12-31,2021-12-31,2022-01-02,"Everywhere, Worldwide",Digital Only,https://organize.mlh.io/participants/events/7794-see-you-later-hackulator,2022
82,HibernationHacks,Jan 7th - 9th,2022-01-07,2022-01-07,2022-01-09,"Everywhere, Worldwide",Digital Only,https://organize.mlh.io/participants/events/7795-hibernationhacks,2022
83,SheHacks+,Jan 7th - 9th,2022-01-07,2022-01-07,2022-01-09,"Everywhere, Worldwide",Digital Only,https://shehacks.ca/,2022
84,Local Hack Day: Build,Jan 9th - 16th,2022-01-09,2022-01-09,2022-01-16,"Everywhere, Worldwide",Digital Only,https://hackp.ac/build2022,2022
85,CruzHacks,Jan 14th - 16th,2022-01-14,2022-01-14,2022-01-16,"Everywhere, Worldwide",Digital Only,https://www.cruzhacks.com/,2022
86,DeltaHacks,Jan 14th - 16th,2022-01-14,2022-01-14,2022-01-16,"Everywhere, Worldwide",Digital Only,https://www.deltahacks.com/,2022
87,Hackville 2022,Jan 14th - 16th,2022-01-14,2022-01-14,2022-01-16,"Everywhere, Worldwide",Digital Only,https://hackville.io/,2022
88,[email protected],Jan 14th - 16th,2022-01-14,2022-01-14,2022-01-16,"Everywhere, Worldwide","Hybrid, Digital Focus",https://hack.wpi.edu/,2022
89,HackED 2022,Jan 15th - 16th,2022-01-15,2022-01-15,2022-01-16,"Everywhere, Worldwide",Digital Only,https://hacked.compeclub.com/,2022
90,nwHacks 2022,Jan 15th - 16th,2022-01-15,2022-01-15,2022-01-16,"Vancouver, BC",Digital Only,https://www.nwhacks.io/,2022
91,Rose Hack,Jan 15th - 16th,2022-01-15,2022-01-15,2022-01-16,"Everywhere, Worldwide",Digital Only,https://rosehack.com/,2022
92,BoilerMake IX,Jan 21st - 23rd,2022-01-21,2022-01-21,2022-01-23,"West Lafayette, Indiana","Hybrid, Digital Focus",https://boilermake.org/,2022
93,MacHacks,Jan 21st - 23rd,2022-01-21,2022-01-21,2022-01-23,"Everywhere, Worldwide",Digital Only,https://www.mcmasterai.com/machacks,2022
94,McHacks,Jan 21st - 23rd,2022-01-21,2022-01-21,2022-01-23,"Everywhere, Worldwide",Digital Only,https://www.mchacks.ca/,2022
95,QWER Hacks,Jan 21st - 23rd,2022-01-21,2022-01-21,2022-01-23,"Everywhere, Worldwide","Hybrid, Digital Focus",https://www.qwerhacks.com/,2022
96,Thehacktrical,Jan 21st - 23rd,2022-01-21,2022-01-21,2022-01-23,"Everywhere, Worldwide",Digital Only,https://organize.mlh.io/participants/events/7831-thehacktrical,2022
97,Hack Cambridge Atlas,Jan 22nd - 23rd,2022-01-22,2022-01-22,2022-01-23,"Cambridge, Cambridgeshire","Hybrid, Digital Focus",https://hackcambridge.com/,2022
98,MinneHack,Jan 22nd - 23rd,2022-01-22,2022-01-22,2022-01-23,"Everywhere, Worldwide",Digital Only,https://minnehack.io/,2022
99,StarHacks,Jan 22nd - 23rd,2022-01-22,2022-01-22,2022-01-23,"Everywhere, Worldwide",Digital Only,https://www.starhacks.tech/,2022
100,Fashion Tech Hackathon 2022,Jan 28th - 30th,2022-01-28,2022-01-28,2022-01-30,"Everywhere, Worldwide","Hybrid, Digital Focus",https://www.kent.edu/fashion/fth,2022
101,Hacknado,Jan 28th - 30th,2022-01-28,2022-01-28,2022-01-30,"Everywhere, Worldwide",Digital Only,https://organize.mlh.io/participants/events/7832-hacknado,2022
102,Hoya Hacks,Jan 28th - 30th,2022-01-28,2022-01-28,2022-01-30,"Everywhere, Worldwide",Digital Only,https://hoyahacks.georgetown.domains/,2022
103,QHacks,Jan 28th - 30th,2022-01-28,2022-01-28,2022-01-30,"Kingston, Ontario","Hybrid, Digital Focus",https://qhacks.io/,2022
104,SwampHacks,Jan 28th - 30th,2022-01-28,2022-01-28,2022-01-30,"Everywhere, Worldwide",Digital Only,https://2022.swamphacks.com/,2022
105,ConUHacks VI,Jan 29th - 30th,2022-01-29,2022-01-29,2022-01-30,"Everywhere, Worldwide",Digital Only,https://conuhacks.io/,2022
106,CUhackit 2022,Jan 29th - 30th,2022-01-29,2022-01-29,2022-01-30,"Clemson, SC","Hybrid, In-Person Focus",https://cuhack.it/#/,2022
107,Black Wings Hacks,Feb 4th - 6th,2022-02-04,2022-02-04,2022-02-06,"Everywhere, Worldwide",Digital Only,https://hopin.com/events/2022-black-wings-hacks/registration?_hsenc=p2ANqtz--KUMSGe5xLY9jV_eyqEP-OqF5qyOwNfCe8qOuW9rTuNxbHrLgmStXR-0nNSc5vjb9_GM9er4nZ2M3dWHlQK0GbjWya3w&_hsmi=198406204&code=TSgojDlJNjkz19EAFUtggsJqZ&utm_content=198406204&utm_medium=email&,2022
108,JigsawHacks,Feb 4th - 6th,2022-02-04,2022-02-04,2022-02-06,"Everywhere, Worldwide",Digital Only,https://organize.mlh.io/participants/events/7889-hosted-by-mlh-04-02-2022-to-06-02-2022,2022
109,SB Hacks VIII,Feb 4th - 6th,2022-02-04,2022-02-04,2022-02-06,"Everywhere, Worldwide",Digital Only,https://sbhacks.com/,2022
110,UofTHacks IX,Feb 4th - 6th,2022-02-04,2022-02-04,2022-02-06,"Toronto, Ontario","Hybrid, In-Person Focus",https://uofthacks.com/,2022
111,BC Hacks,Feb 5th - 6th,2022-02-05,2022-02-05,2022-02-06,"Everywhere, Worldwide",Digital Only,https://www.cscu.io/bc-hacks-3,2022
112,GunnHacks 8.0,Feb 5th - 6th,2022-02-05,2022-02-05,2022-02-06,"Everywhere, Worldwide",Digital Only,https://www.gunnhacks.com/,2022
113,HackHer413,Feb 5th - 6th,2022-02-05,2022-02-05,2022-02-06,"Amherst, MA","Hybrid, In-Person Focus",https://www.hackher413.com/,2022
114,Hack the Burgh VIII,Feb 5th - 6th,2022-02-05,2022-02-05,2022-02-06,"Edinburgh, Midlothian",In-Person Only,https://2022.hacktheburgh.com/,2022
115,HackViolet,Feb 5th - 6th,2022-02-05,2022-02-05,2022-02-06,"Everywhere, Worldwide",Digital Only,https://www.hackviolet.com/,2022
116,Royal Hackaway v5,Feb 5th - 6th,2022-02-05,2022-02-05,2022-02-06,"Egham, Surrey","Hybrid, In-Person Focus",https://royalhackaway.com/#/,2022
117,Don't Go Hacking My Heart,Feb 11th - 13th,2022-02-11,2022-02-11,2022-02-13,"Everywhere, Worldwide",Digital Only,https://organize.mlh.io/participants/events/7890-hosted-by-mlh-11-02-2022-to-13-02-2022,2022
118,Do you have the GUTS,Feb 11th - 13th,2022-02-11,2022-02-11,2022-02-13,"Everywhere, Worldwide",Digital Only,https://gutechsoc.com/hackathon,2022
119,ElleHacks,Feb 11th - 13th,2022-02-11,2022-02-11,2022-02-13,"Everywhere, Worldwide",Digital Only,https://ellehacks.com/,2022
120,Kurinji Hacks,Feb 11th - 13th,2022-02-11,2022-02-11,2022-02-13,"Everywhere, Worldwide",Digital Only,https://superposition-chennai.github.io/Kurinji-Hacks-Website/,2022
121,PolyHacks - Hackatown,Feb 11th - 13th,2022-02-11,2022-02-11,2022-02-13,"Everywhere, Worldwide",In-Person Only,https://hackatown.io/#/en,2022
122,AuburnHacks,Feb 12th - 13th,2022-02-12,2022-02-12,2022-02-13,"Auburn, Alabama",In-Person Only,https://auburnhacks.com/,2022
123,Hacklahoma,Feb 12th - 13th,2022-02-12,2022-02-12,2022-02-13,"Norman, Oklahoma","Hybrid, In-Person Focus",https://2022.hacklahoma.org/,2022
124,Hack The League,Feb 12th - 13th,2022-02-12,2022-02-12,2022-02-13,"Everywhere, Worldwide",Digital Only,https://www.hacktheleague.tech/,2022
125,UniHacks,Feb 12th - 13th,2022-02-12,2022-02-12,2022-02-13,"Durham, CA","Hybrid, In-Person Focus",https://unihacks.ncssm.edu/,2022
126,HackBMU 5.0,Feb 17th - 19th,2022-02-17,2022-02-17,2022-02-19,"Everywhere, Worldwide",Digital Only,https://hackbmu.tech/,2022
127,Do-Re-Mi Hacks II,Feb 18th - 20th,2022-02-18,2022-02-18,2022-02-20,"Everywhere, Worldwide",Digital Only,https://organize.mlh.io/participants/events/7891-do-re-mi-hacks-ii,2022
128,[email protected] 2022,Feb 18th - 20th,2022-02-18,2022-02-18,2022-02-20,"Everywhere, Worldwide",Digital Only,https://www.cewit.org/programs/events/hack.php,2022
129,Pearl Hacks,Feb 18th - 20th,2022-02-18,2022-02-18,2022-02-20,"Chapel Hill, NC","Hybrid, In-Person Focus",https://pearlhacks.com/,2022
130,StormHacks 2022,Feb 18th - 20th,2022-02-18,2022-02-18,2022-02-20,"Everywhere, Worldwide",Digital Only,https://stormhacks.com/,2022
131,UGAHacks 7,Feb 18th - 20th,2022-02-18,2022-02-18,2022-02-20,"Athens, GA","Hybrid, In-Person Focus",https://ugahacks.com/,2022
132,yuHacks,Feb 18th - 19th,2022-02-18,2022-02-18,2022-02-19,"Everywhere, Worldwide",Digital Only,https://yuhacks.tech/,2022
133,AthenaHacks,Feb 19th - 20th,2022-02-19,2022-02-19,2022-02-20,"Los Angeles, California","Hybrid, Digital Focus",https://athenahacks.com/,2022
134,CuseHacks,Feb 19th - 20th,2022-02-19,2022-02-19,2022-02-20,"Syracuse, New York","Hybrid, Digital Focus",https://innovateorange.github.io/cusehacks/,2022
135,DurHack,Feb 19th - 20th,2022-02-19,2022-02-19,2022-02-20,"Durham, United Kingdom",In-Person Only,https://durhack.com/,2022
136,Electrothon 4.0,Feb 19th - 20th,2022-02-19,2022-02-19,2022-02-20,"Everywhere, Worldwide","Hybrid, Digital Focus",https://electrothon.specnith.com/,2022
137,Abstract Hacks,Feb 25th - 27th,2022-02-25,2022-02-25,2022-02-27,"Everywhere, Worldwide",Digital Only,https://organize.mlh.io/participants/events/7892-abstract-hacks,2022
138,HackNYU,Feb 25th - 27th,2022-02-25,2022-02-25,2022-02-27,"Everywhere, Worldwide",Digital Only,https://hacknyu.org/,2022
139,TuffyHacks,Feb 25th - 26th,2022-02-25,2022-02-25,2022-02-26,"Everywhere, Worldwide","Hybrid, Digital Focus",https://www.tuffyhacks.com/,2022
140,VTHacks IX,Feb 25th - 27th,2022-02-25,2022-02-25,2022-02-27,"Everywhere, Worldwide",Digital Only,https://vthacks.com/,2022
141,Oxford Hack,Feb 26th - 27th,2022-02-26,2022-02-26,2022-02-27,"Oxford, Oxfordshire",In-Person Only,https://oxfordhack22.co.uk,2022
142,RevolutionUC,Feb 26th - 27th,2022-02-26,2022-02-26,2022-02-27,"Everywhere, Worldwide",Digital Only,https://revolutionuc.com/,2022
143,WarwickHACK 2022,Feb 26th - 27th,2022-02-26,2022-02-26,2022-02-27,"Coventry, United Kingdom","Hybrid, In-Person Focus",https://hack.warwick.tech/,2022
144,WiCHacks,Feb 26th - 27th,2022-02-26,2022-02-26,2022-02-27,"Everywhere, Worldwide","Hybrid, Digital Focus",https://wichacks.io/,2022
145,A Hack A Day,Mar 4th - 6th,2022-03-04,2022-03-04,2022-03-06,"Everywhere, Worldwide",Digital Only,https://organize.mlh.io/participants/events/7902-a-hack-a-day,2022
146,HackMerced VII,Mar 4th - 6th,2022-03-04,2022-03-04,2022-03-06,"Everywhere, Worldwide",Digital Only,https://hackmerced.com/#/hackmercedvii,2022
147,Polihacks,Mar 4th - 6th,2022-03-04,2022-03-04,2022-03-06,"Everywhere, Worldwide",Digital Only,https://www.polihacks.dev/,2022
148,BrickHack 8,Mar 5th - 6th,2022-03-05,2022-03-05,2022-03-06,"Everywhere, Worldwide",Digital Only,https://brickhack.io/,2022
149,cmd-f,Mar 5th - 6th,2022-03-05,2022-03-05,2022-03-06,"Everywhere, Worldwide",Digital Only,https://cmd-f.nwplus.io/,2022
150,Makeathon 4.0,Mar 5th - 6th,2022-03-05,2022-03-05,2022-03-06,"Everywhere, Worldwide","Hybrid, Digital Focus",https://make4thon.mlsctiet.co.in/,2022
151,NSBEHacks 2022,Mar 5th - 6th,2022-03-05,2022-03-05,2022-03-06,"Everywhere, Worldwide",Digital Only,https://www.nsbehacksuoft.ca/,2022
152,HackOwasp 4.0,Mar 11th - 13th,2022-03-11,2022-03-11,2022-03-13,"Everywhere, Worldwide","Hybrid, Digital Focus",https://hackowasp.live/,2022
153,SF Hacks,Mar 11th - 13th,2022-03-11,2022-03-11,2022-03-13,"Everywhere, Worldwide",Digital Only,https://sfhacks.io/,2022
154,SheHacks,Mar 11th - 13th,2022-03-11,2022-03-11,2022-03-13,"Everywhere, Worldwide",Digital Only,https://shehacks.co/,2022
155,Tidy The Hack Up II,Mar 11th - 13th,2022-03-11,2022-03-11,2022-03-13,"Everywhere, Worldwide",Digital Only,https://organize.mlh.io/participants/events/7903-tidy-the-hack-up-ii,2022
156,HackCWRU,Mar 18th - 20th,2022-03-18,2022-03-18,2022-03-20,"Everywhere, Worldwide",Digital Only,https://hackcwru.info/,2022
157,HackGSU,Mar 18th - 22nd,2022-03-18,2022-03-18,2022-03-22,"Everywhere, Worldwide",Digital Only,https://hackgsu.com/,2022
158,HealthHacks Presented by PennApps x WUHC,Mar 18th - 20th,2022-03-18,2022-03-18,2022-03-20,"Everywhere, Worldwide",Digital Only,https://wild-router-277.notion.site/HealthHacks-by-PennApps-x-WUHC-78039ad6a4dc41e58348773378ea17dd,2022
159,Power Up Hacks,Mar 18th - 20th,2022-03-18,2022-03-18,2022-03-20,"Everywhere, Worldwide",Digital Only,https://organize.mlh.io/participants/events/7904-power-up-hacks,2022
160,CalvinHacks,Mar 25th - 26th,2022-03-25,2022-03-25,2022-03-26,"Grand Rapids, Michigan",In-Person Only,https://calvinhacks.org/,2022
161,Cypher VII,Mar 25th - 27th,2022-03-25,2022-03-25,2022-03-27,"Everywhere, Worldwide","Hybrid, Digital Focus",https://cypher.cs.wm.edu/,2022
162,GirlHacks,Mar 25th - 26th,2022-03-25,2022-03-25,2022-03-26,"Everywhere, Worldwide","Hybrid, Digital Focus",https://girlhacks.github.io/,2022
163,Hack Empowered,Mar 25th - 27th,2022-03-25,2022-03-25,2022-03-27,"Everywhere, Worldwide",Digital Only,https://organize.mlh.io/participants/events/8054-hack-empowered,2022
164,Treasure Hacks 2.0,Mar 25th - 26th,2022-03-25,2022-03-25,2022-03-26,"Everywhere, Worldwide",Digital Only,https://treasurehacks.org/,2022
165,WinHacks,Mar 25th - 27th,2022-03-25,2022-03-25,2022-03-27,"Everywhere, Worldwide",Digital Only,http://winhacks.ca/,2022
166,HooHacks,Mar 26th - 27th,2022-03-26,2022-03-26,2022-03-27,"Everywhere, Worldwide","Hybrid, Digital Focus",https://www.hoohacks.io/,2022
167,PharmaHacks 2022,Mar 26th - 27th,2022-03-26,2022-03-26,2022-03-27,"Everywhere, Worldwide","Hybrid, Digital Focus",https://pharmahacks.com,2022
168,RowdyHacks VII,Mar 26th - 27th,2022-03-26,2022-03-26,2022-03-27,"San Antonio, Texas",In-Person Only,https://www.rowdyhacks.org,2022
169,HackPrinceton,Apr 1st - 3rd,2022-04-01,2022-04-01,2022-04-03,"Everywhere, Worldwide",Digital Only,https://www.hackprinceton.com/,2022
170,"Lights, Camera Hacktion II",Apr 1st - 3rd,2022-04-01,2022-04-01,2022-04-03,"Everywhere, Worldwide",Digital Only,https://organize.mlh.io/participants/events/8071-lights-camera-hacktion-ii,2022
171,Uncommon Hacks,Apr 1st - 3rd,2022-04-01,2022-04-01,2022-04-03,"Everywhere, Worldwide","Hybrid, Digital Focus",https://hacks2022.uncommonhacks.com/,2022
172,Citrus Hack 2022,Apr 2nd - 3rd,2022-04-02,2022-04-02,2022-04-03,"Everywhere, Worldwide","Hybrid, Digital Focus",https://www.citrushack.com/,2022
173,HackRU,Apr 2nd - 3rd,2022-04-02,2022-04-02,2022-04-03,"New Brunswick, New Jersey",In-Person Only,https://hackru.org/,2022
174,Global Hack Week: Share,Apr 3rd - 10th,2022-04-03,2022-04-03,2022-04-10,"Everywhere, Worldwide",Digital Only,https://organize.mlh.io/participants/events/7192-global-hack-week-share-2022,2022
175,bitcamp,Apr 8th - 10th,2022-04-08,2022-04-08,2022-04-10,"College Park, Maryland",In-Person Only,https://bit.camp/,2022
176,CatHacks VIII,Apr 8th - 10th,2022-04-08,2022-04-08,2022-04-10,"Lexingon, Kentucky",In-Person Only,http://cathacks.cs.uky.edu/,2022
177,Hack4Bengal,Apr 8th - 10th,2022-04-08,2022-04-08,2022-04-10,"Everywhere, Worldwide",Digital Only,https://hack4bengal.tech/,2022
178,HackKU,Apr 8th - 10th,2022-04-08,2022-04-08,2022-04-10,"Lawrence, Kansas",In-Person Only,https://hackku.org/,2022
179,PickHacks,Apr 8th - 10th,2022-04-08,2022-04-08,2022-04-10,"Everywhere, Worldwide",Digital Only,https://pickhacks.io/,2022
180,SpartaHacks VII,Apr 8th - 10th,2022-04-08,2022-04-08,2022-04-10,"East Lansing, Michigan",In-Person Only,https://spartahack.com/,2022
181,YHack,Apr 8th - 10th,2022-04-08,2022-04-08,2022-04-10,"New Haven, Connecticut","Hybrid, In-Person Focus",https://www.yhack.org/,2022
182,HackTCNJ,Apr 9th - 10th,2022-04-09,2022-04-09,2022-04-10,"Ewing, New Jersey",In-Person Only,https://www.hacktcnj.com/coming-soon,2022
183,PantherHack,Apr 9th - 10th,2022-04-09,2022-04-09,2022-04-10,"Everywhere, Worldwide",Digital Only,https://pantherhack.tech/,2022
184,SLO Hacks,Apr 9th - 10th,2022-04-09,2022-04-09,2022-04-10,"Everywhere, Worldwide","Hybrid, Digital Focus",https://www.slohacks.com/,2022
185,SWE Hacks,Apr 9th - 10th,2022-04-09,2022-04-09,2022-04-10,"Everywhere, Worldwide",Digital Only,https://sweuw.org/,2022
186,Devspace,Apr 14th - 16th,2022-04-14,2022-04-14,2022-04-16,"Everywhere, Worldwide",Digital Only,https://devspace.csivit.com,2022
187,Hero Hacks II,Apr 15th - 17th,2022-04-15,2022-04-15,2022-04-17,"Everywhere, Worldwide",Digital Only,https://organize.mlh.io/participants/events/8112-herohacks-ii,2022
188,LA Hacks 2022,Apr 15th - 17th,2022-04-15,2022-04-15,2022-04-17,"Everywhere, Worldwide","Hybrid, Digital Focus",https://lahacks.com/home,2022
189,HackDartmouth,Apr 16th - 17th,2022-04-16,2022-04-16,2022-04-17,"Hanover, New Hampshire",In-Person Only,https://www.hackdartmouth.org/,2022
190,HackDavis,Apr 16th - 17th,2022-04-16,2022-04-16,2022-04-17,"Davis, CA",In-Person Only,https://www.hackdavis.io,2022
191,HackTJ 9.0,Apr 16th - 17th,2022-04-16,2022-04-16,2022-04-17,"Arlington, Virginia","Hybrid, In-Person Focus",https://hacktj.org/,2022
192,The Hackconomist,Apr 22nd - 24th,2022-04-22,2022-04-22,2022-04-24,"Everywhere, Worldwide",Digital Only,https://organize.mlh.io/participants/events/8118-the-hackconomist,2022
193,Hack Kosice,Apr 23rd - 24th,2022-04-23,2022-04-23,2022-04-24,"Kosice, Slovakia",In-Person Only,https://hackkosice.com/hackathon/,2022
194,HackUNT,Apr 23rd - 24th,2022-04-23,2022-04-23,2022-04-24,"Denton, Texas","Hybrid, In-Person Focus",https://unthackathon.com/,2022
195,Creatica 2022,Apr 29th - May 1st,2022-04-29,2022-04-29,2022-05-01,"Everywhere, Worldwide",Digital Only,https://www.creatica.io/,2022
196,Hack SVIT,Apr 29th - May 1st,2022-04-29,2022-04-29,2022-05-01,"Anand, Gujarat",In-Person Only,https://hackathon.hackclubsvit.co/,2022
197,Hack The Dance Floor,Apr 29th - May 1st,2022-04-29,2022-04-29,2022-05-01,"Everywhere, Worldwide",Digital Only,https://organize.mlh.io/participants/events/8119-hack-the-dance-floor,2022
198,DragonHacks,Apr 30th - May 1st,2022-04-30,2022-04-30,2022-05-01,"Philadelphia, Pennsylvania","Hybrid, In-Person Focus",https://dragonhacks.live/,2022
199,Hacker-Verse,May 6th - 8th,2022-05-06,2022-05-06,2022-05-08,"Everywhere, Worldwide",Digital Only,https://organize.mlh.io/participants/events/8120-hack-verse,2022
200,RU Hacks,May 6th - 8th,2022-05-06,2022-05-06,2022-05-08,"Everywhere, Worldwide",Digital Only,https://ruhacks.com/,2022
201,AhoyHacks,May 13th - 15th,2022-05-13,2022-05-13,2022-05-15,"Everywhere, Worldwide",Digital Only,https://organize.mlh.io/participants/events/8121-ahoyhacks,2022
202,Hack For Inclusion,May 13th - 15th,2022-05-13,2022-05-13,2022-05-15,"Everywhere, Worldwide",Digital Only,https://www.h4i.tech/,2022
203,HawkHacks,May 13th - 15th,2022-05-13,2022-05-13,2022-05-15,"Everywhere, Worldwide",Digital Only,https://hawkhacks.ca/,2022
204,Dragonhack,May 14th - 15th,2022-05-14,2022-05-14,2022-05-15,"Ljubljana, Slovenia",In-Person Only,https://dragonhack.si/,2022
205,MasseyHacks VIII,May 14th - 15th,2022-05-14,2022-05-14,2022-05-15,"Windsor, Ontario","Hybrid, In-Person Focus",https://masseyhacks.ca/,2022
206,GryphHacks,May 20th - 22nd,2022-05-20,2022-05-20,2022-05-22,"Everywhere, Worldwide",Digital Only,https://gryphhacks.com/,2022
207,JAMHacks 6,May 20th - 22nd,2022-05-20,2022-05-20,2022-05-22,"Waterloo, Ontario","Hybrid, In-Person Focus",https://jamhacks.ca/,2022
208,RookieHacks II,May 20th - 22nd,2022-05-20,2022-05-20,2022-05-22,"Everywhere, Worldwide",Digital Only,https://organize.mlh.io/participants/events/8122-rookiehacks-ii,2022
209,Technica,May 20th - 22nd,2022-05-20,2022-05-20,2022-05-22,"Everywhere, Worldwide",Digital Only,https://horizon.istevit.in/technica,2022
210,High Tech Hacks 2.0,May 21st - 22nd,2022-05-21,2022-05-21,2022-05-22,"Everywhere, Worldwide",Digital Only,https://www.hightechhacks.com/,2022
211,hths.hacks(),May 21st - 22nd,2022-05-21,2022-05-21,2022-05-22,"Everywhere, Worldwide",Digital Only,https://hthshacks.com/,2022
212,TritonHacks,May 21st - 22nd,2022-05-21,2022-05-21,2022-05-22,"La Jolla, California",In-Person Only,https://tritonhacks.org,2022
213,LateNightHacks,May 27th - 29th,2022-05-27,2022-05-27,2022-05-29,"Everywhere, Worldwide",Digital Only,https://organize.mlh.io/participants/events/8123-latenighthacks,2022
214,TOHacks,May 28th - 29th,2022-05-28,2022-05-28,2022-05-29,"Everywhere, Worldwide",Digital Only,https://www.tohacks.ca/,2022
215,Women Techies 2022,May 28th - 29th,2022-05-28,2022-05-28,2022-05-29,"Everywhere, Worldwide",Digital Only,https://womentechies.dscvit.com/,2022
216,Bon Voyage Hacks II,Jun 3rd - 5th,2022-06-03,2022-06-03,2022-06-05,"Everywhere, Worldwide",Digital Only,https://organize.mlh.io/participants/events/8124-bon-voyage-hacks-ii,2022
217,Coastal Hacks,Jun 10th - 12th,2022-06-10,2022-06-10,2022-06-12,"Everywhere, Worldwide",Digital Only,https://organize.mlh.io/participants/events/8162-coastal-hacks,2022
218,OneHacks II,Jun 10th - 12th,2022-06-10,2022-06-10,2022-06-12,"Everywhere, Worldwide",Digital Only,https://unkn-wn.github.io/onehackswebsite/,2022
219,Mental Health Hacks II,Jun 17th - 19th,2022-06-17,2022-06-17,2022-06-19,"Everywhere, Worldwide",Digital Only,https://organize.mlh.io/participants/events/8163-mental-health-hacks-ii,2022
220,WaffleHacks,Jun 17th - 19th,2022-06-17,2022-06-17,2022-06-19,"Everywhere, Worldwide",Digital Only,http://wafflehacks.org/,2022
221,FreyHacks,Jun 24th - 26th,2022-06-24,2022-06-24,2022-06-26,"Everywhere, Worldwide",Digital Only,https://www.freyhacks.tech/,2022
222,Hacking Heist 2.0,Jun 24th - 26th,2022-06-24,2022-06-24,2022-06-26,"Everywhere, Worldwide",Digital Only,https://hackingheist2.web.app/,2022
223,PrideHacks II,Jun 24th - 26th,2022-06-24,2022-06-24,2022-06-26,"Everywhere, Worldwide",Digital Only,https://organize.mlh.io/participants/events/8164-pridehacks-ii,2022
224,SimpliHacks 2.0,Jun 24th - 26th,2022-06-24,2022-06-24,2022-06-26,"Everywhere, Worldwide",Digital Only,https://www.schoolsimplified.org/simplihacks,2022
225,Hack3,Jun 25th - 26th,2022-06-25,2022-06-25,2022-06-26,"Everywhere, Worldwide",Digital Only,https://hack3.co/,2022
226,RU Hacking,Jun 25th - 26th,2022-06-25,2022-06-25,2022-06-26,"Everywhere, Worldwide",Digital Only,https://ruhacking.uk/,2022
227,Hackerland,Jul 1st - 3rd,2022-07-01,2022-07-01,2022-07-03,"Everywhere, Worldwide",Digital Only,https://organize.mlh.io/participants/events/8188-hackerland,2022
228,GHW: INIT,Jul 3rd - 10th,2022-07-03,2022-07-03,2022-07-10,"Everywhere, Worldwide",Digital Only,https://hackp.ac/INIT,2022
